title,lead,body,publication_date,sections
"Le FC Servette remporte le derby lémanique","Une victoire éclatante face au Lausanne-Sport au Stade de Genève","Le FC Servette s'est imposé 3-1 face au Lausanne-Sport dans un derby lémanique enflammé. Les Grenat ont dominé la rencontre grâce à des buts de Stevanovic, Crivelli et Antunes. Une performance qui confirme leur excellent début de saison en Super League.",2024-10-15 18:30:00,"{Sport,Football,Suisse romande}"
"Vernissage exceptionnel au Musée d'art et d'histoire de Genève","Une nouvelle exposition consacrée à l'art contemporain suisse ouvre ses portes","Le MAH présente une rétrospective de 50 ans d'art contemporain suisse avec des œuvres de Pipilotti Rist, Thomas Hirschhorn et Ugo Rondinone. L'exposition explore les liens entre tradition et modernité dans la création artistique helvétique.",2024-10-15 14:20:00,"{Culture,Arts,Genève}"
"La Suisse face au défi climatique","Le Conseil fédéral présente son plan d'action pour atteindre la neutralité carbone","Après l'acceptation de la loi sur le climat, le gouvernement suisse dévoile sa stratégie pour réduire les émissions de CO2 de 50% d'ici 2030. Les mesures incluent des incitations pour la rénovation énergétique et le développement des transports publics.",2024-10-15 12:00:00,"{Actualités,Environnement,Politique}"
"Roger Federer de retour à Bâle pour la Swiss Indoors","La légende du tennis annonce sa présence au tournoi en tant qu'ambassadeur","Roger Federer fera son grand retour à la Swiss Indoors de Bâle, non pas en tant que joueur mais comme ambassadeur du tournoi. L'ancien numéro un mondial participera à des événements promotionnels et rencontrera les jeunes talents suisses.",2024-10-14 20:15:00,"{Sport,Tennis,Bâle}"
"Le Château de Chillon bat son record de visiteurs","Plus de 400'000 visiteurs en 2024 pour le monument vaudois","Le célèbre château médiéval sur les rives du Léman a accueilli un nombre record de visiteurs cette année. La nouvelle scénographie immersive et les animations nocturnes expliquent ce succès touristique exceptionnel.",2024-10-14 16:45:00,"{Culture,Tourisme,Vaud}"
"Lara Gut-Behrami prête pour la nouvelle saison","La skieuse tessinoise vise le gros globe de cristal","Lara Gut-Behrami aborde la saison de ski alpin avec de grandes ambitions. Après une préparation optimale à Zermatt, la championne olympique se dit prête à décrocher son deuxième gros globe de cristal.",2024-10-14 09:30:00,"{Sport,Ski alpin,Tessin}"
"Festival de jazz de Montreux : les premières têtes d'affiche","Norah Jones et Gregory Porter confirmés pour l'édition 2025","Le Montreux Jazz Festival dévoile les premiers artistes de sa 58e édition. Norah Jones ouvrira le festival tandis que Gregory Porter clôturera les deux semaines de concerts au bord du Léman.",2024-10-13 18:00:00,"{Culture,Musique,Montreux}"
"Référendum sur l'autoroute de contournement lausannois","Les opposants déposent 18'000 signatures à la Chancellerie","Un comité regroupant des associations écologistes a déposé ce matin les signatures nécessaires pour un référendum contre le projet d'autoroute de contournement de Lausanne. Le peuple vaudois sera appelé à se prononcer sur ce dossier controversé.",2024-10-13 15:20:00,"{Actualités,Politique,Vaud}"
"Le CERN annonce une découverte majeure","Les physiciens suisses et internationaux dévoilent de nouvelles particules","L'Organisation européenne pour la recherche nucléaire a confirmé l'observation de nouvelles particules subatomiques grâce au Grand collisionneur de hadrons. Cette découverte pourrait révolutionner notre compréhension de la matière.",2024-10-13 11:00:00,"{Actualités,Sciences,Genève}"
"Le HC Fribourg-Gottéron en tête du championnat","Les Dragons dominent la National League après 12 journées","Avec 10 victoires en 12 matches, le HC Fribourg-Gottéron impressionne en ce début de saison. L'équipe de Roger Rönnberg affiche un jeu collectif solide et peut rêver d'un titre national.",2024-10-12 22:30:00,"{Sport,Hockey sur glace,Fribourg}"
"Locarno Film Festival 2025 : appel à candidatures","Le festival tessinois recherche les pépites du cinéma indépendant","Le Locarno Film Festival lance son appel à films pour l'édition 2025. Les cinéastes du monde entier ont jusqu'au 15 janvier pour soumettre leurs œuvres à l'un des plus prestigieux festivals de cinéma européens.",2024-10-12 17:00:00,"{Culture,Cinéma,Tessin}"
"Forte hausse du tourisme d'hiver dans les Grisons","Les stations grisonnes anticipent une excellente saison","Davos, St-Moritz et Arosa enregistrent déjà des taux de réservation record pour la saison d'hiver 2024-2025. L'engouement des touristes asiatiques et américains pour le ski suisse explique cette tendance favorable.",2024-10-12 14:30:00,"{Actualités,Tourisme,Grisons}"
"Murat Yakin prolonge son contrat avec l'équipe de Suisse","Le sélectionneur national reste jusqu'en 2026","La fédération suisse de football a annoncé la prolongation du contrat de Murat Yakin jusqu'après la Coupe du monde 2026. Le Bâlois a convaincu par ses résultats lors de l'Euro 2024.",2024-10-11 19:45:00,"{Sport,Football,Équipe nationale}"
"Le Théâtre de Vidy présente sa saison 2024-2025","Une programmation audacieuse mêlant classiques et créations contemporaines","Le directeur Vincent Baudriller dévoile une saison riche avec des metteurs en scène de renom comme Ivo van Hove et Christiane Jatahy. Le théâtre lausannois mise sur l'innovation et l'ouverture internationale.",2024-10-11 16:00:00,"{Culture,Théâtre,Lausanne}"
"Grève nationale des services publics","Les syndicats appellent à une mobilisation massive ce jeudi","Les employés des CFF, de La Poste et des services cantonaux sont appelés à manifester pour de meilleures conditions salariales. Des perturbations sont à prévoir dans les transports publics.",2024-10-11 08:00:00,"{Actualités,Social,Suisse}"
"Granit Xhaka élu capitaine de l'année en Bundesliga","Le milieu suisse brille avec le Bayer Leverkusen","L'ancien capitaine de l'équipe de Suisse Granit Xhaka reçoit le trophée de meilleur capitaine de Bundesliga. Son leadership et ses performances exceptionnelles ont mené Leverkusen au titre de champion d'Allemagne invaincu.",2024-10-10 21:00:00,"{Sport,Football,International}"
"L'Orchestre de la Suisse romande fête ses 90 ans","Concert anniversaire à Victoria Hall avec des solistes prestigieux","L'OSR célèbre neuf décennies d'excellence musicale avec un concert exceptionnel réunissant d'anciens chefs et solistes. Le programme inclut des œuvres de compositeurs suisses et des classiques du répertoire symphonique.",2024-10-10 18:30:00,"{Culture,Musique classique,Genève}"
"Augmentation du prix de l'électricité en Suisse romande","Les ménages romands paieront 15% de plus dès janvier","Les fournisseurs d'électricité annoncent une hausse significative des tarifs pour 2025. Cette augmentation s'explique par la flambée des prix sur le marché européen de l'énergie.",2024-10-10 13:00:00,"{Actualités,Économie,Suisse romande}"
"La sélection suisse de curling qualifiée pour les Mondiaux","L'équipe emmenée par Alina Pätz décroche son billet","Les cureuses suisses ont brillé lors du championnat d'Europe à Genève, assurant leur qualification pour les championnats du monde. La Suisse confirme sa place parmi les nations majeures du curling.",2024-10-09 20:00:00,"{Sport,Curling,Suisse}"
"Le Musée olympique de Lausanne accueille une expo sur Simone Biles","Retour sur le parcours de la gymnaste américaine la plus titrée","Une exposition interactive retrace la carrière exceptionnelle de Simone Biles. Les visiteurs peuvent découvrir ses tenues de compétition, ses médailles et même s'essayer à la réalité virtuelle pour expérimenter ses figures acrobatiques.",2024-10-09 15:45:00,"{Culture,Sport,Lausanne}"
"Vendanges 2024 : une année exceptionnelle en Lavaux","Les vignerons vaudois célèbrent une récolte de grande qualité","Malgré un été capricieux, les vendanges 2024 dans les vignobles en terrasses de Lavaux s'annoncent excellentes. Le chasselas devrait produire des vins d'une finesse remarquable selon les premiers dégustations.",2024-10-09 11:30:00,"{Actualités,Gastronomie,Vaud}"
"Le Conseil fédéral refuse l'initiative pour un 13e salaire minimum","Le gouvernement recommande le rejet de l'initiative populaire","Le Conseil fédéral s'oppose à l'initiative pour un salaire minimum de 4000 francs, estimant qu'elle nuirait à la compétitivité des entreprises suisses. Le peuple devra trancher lors d'une votation prochaine.",2024-10-08 17:00:00,"{Actualités,Politique,Économie}"
"Stan Wawrinka annonce sa retraite internationale","Le Vaudois dispute son dernier match en Coupe Davis","Stan Wawrinka a officialisé la fin de sa carrière en équipe nationale après 19 ans de bons et loyaux services. Le triple vainqueur de Grand Chelem continuera de jouer sur le circuit professionnel.",2024-10-08 14:20:00,"{Sport,Tennis,Vaud}"
"Biennale d'art contemporain de Bienne","Plus de 80 artistes exposent dans la ville bilingue","La Biennale de Bienne ouvre ses portes avec des installations urbaines spectaculaires. Les œuvres explorent les thèmes de l'identité, du multilinguisme et de la cohabitation culturelle.",2024-10-08 10:00:00,"{Culture,Arts,Bienne}"
"Alerte pollution au lac de Neuchâtel","Des analyses révèlent des traces de pesticides inquiétantes","Les autorités neuchâteloises lancent une enquête après la détection de concentrations élevées de pesticides dans les eaux du lac. Des mesures de restriction de la pêche pourraient être prises.",2024-10-07 19:30:00,"{Actualités,Environnement,Neuchâtel}"
"Le BSC Young Boys remporte la Coupe de Suisse","Victoire 2-0 face à Lugano au Wankdorf","Les Bernois soulèvent leur 8e Coupe de Suisse devant 30'000 spectateurs enthousiastes. Un doublé de Jean-Pierre Nsame offre le trophée aux champions en titre de la Super League.",2024-10-07 16:00:00,"{Sport,Football,Berne}"
"Paléo Festival : bilan record pour l'édition 2024","230'000 festivaliers ont convergé vers Nyon","Le Paléo Festival tire un bilan exceptionnel avec une affluence record et une programmation saluée par le public. Les organisateurs annoncent déjà les premières têtes d'affiche pour 2025.",2024-10-07 12:30:00,"{Culture,Musique,Nyon}"
"Crise du logement à Genève","Les prix de l'immobilier atteignent des sommets historiques","Le marché immobilier genevois connaît une tension sans précédent. Le prix moyen du mètre carré dépasse désormais les 15'000 francs, rendant l'accès au logement difficile pour les classes moyennes.",2024-10-06 18:00:00,"{Actualités,Immobilier,Genève}"
"Nico Hischier prolonge avec les New Jersey Devils","Le capitaine valaisan signe jusqu'en 2032","L'attaquant suisse des Devils s'engage pour huit années supplémentaires dans le New Jersey. Un contrat qui fait de lui l'un des joueurs suisses les mieux payés de la NHL.",2024-10-06 22:00:00,"{Sport,Hockey,Valais}"
"Le Château d'Oex accueille le Festival international de ballons","38e édition du rassemblement de montgolfières","Les cieux vaudois se parent de couleurs avec l'arrivée de plus de 80 montgolfières venues du monde entier. Le festival propose neuf jours de vols, de concerts et d'animations familiales.",2024-10-06 14:45:00,"{Culture,Événement,Vaud}"
"Réforme des retraites : le PLR lance une nouvelle initiative","Le parti libéral-radical propose l'âge de la retraite à 67 ans","Face au vieillissement de la population, le PLR soumet une initiative pour relever progressivement l'âge de la retraite. Une proposition qui suscite déjà de vives réactions.",2024-10-05 16:20:00,"{Actualités,Politique,Prévoyance}"
"Breel Embolo de retour avec l'équipe de Suisse","L'attaquant de Monaco retrouve la sélection après sa blessure","Breel Embolo fait son retour dans le groupe suisse pour les matches de qualification à l'Euro 2025. Le Bâlois avait manqué les trois derniers rassemblements en raison d'une blessure au genou.",2024-10-05 13:00:00,"{Sport,Football,Équipe nationale}"
"La RTS lance une nouvelle émission culturelle","'Décryptage Culture' décortique l'actualité artistique romande","La chaîne publique suisse romande propose un nouveau magazine hebdomadaire consacré à la culture. Présenté par Darius Rochebin, il mettra en lumière les créateurs et événements culturels de Suisse romande.",2024-10-05 09:30:00,"{Culture,Médias,Suisse romande}"
"Manifestation pour le climat à Lausanne","10'000 personnes dans les rues de la capitale vaudoise","Une vague verte a déferlé sur Lausanne lors d'une marche pour exiger des mesures plus ambitieuses contre le réchauffement climatique. Les manifestants ont appelé le Conseil fédéral à accélérer la transition énergétique.",2024-10-04 20:00:00,"{Actualités,Environnement,Lausanne}"
"Le FC Sion relégué administrativement","Le TAS confirme la sanction contre le club valaisan","Le Tribunal arbitral du sport a rejeté le recours du FC Sion concernant sa relégation administrative. Le club devra évoluer en Challenge League la saison prochaine suite à des irrégularités financières.",2024-10-04 17:30:00,"{Sport,Football,Valais}"
"Exposition Giacometti à Zürich","Le Kunsthaus présente 200 œuvres du sculpteur suisse","Une rétrospective majeure consacrée à Alberto Giacometti s'ouvre au Kunsthaus de Zürich. L'exposition retrace l'évolution artistique du Grison, de ses débuts surréalistes à ses sculptures filiformes emblématiques.",2024-10-04 14:00:00,"{Culture,Arts,Zürich}"
"La Suisse investit 3 milliards dans le rail","Le Conseil fédéral valide l'extension du réseau ferroviaire","Un important programme d'investissement ferroviaire est approuvé pour améliorer les liaisons régionales et renforcer les axes principaux. Le projet inclut le doublement de la ligne Lausanne-Genève.",2024-10-03 11:45:00,"{Actualités,Transports,Suisse}"
"Belinda Bencic maman pour la première fois","La championne olympique suisse a donné naissance à une fille","Belinda Bencic et son compagnon Martin Hromkovic ont accueilli leur premier enfant. La joueuse suisse, éloignée des courts depuis plusieurs mois, envisage un retour à la compétition en 2025.",2024-10-03 19:00:00,"{Sport,Tennis,Suisse}"
"Le Verbier Festival Orchestra en tournée asiatique","L'orchestre des jeunes talents entame une tournée de trois semaines","Sous la direction de Valery Gergiev, le Verbier Festival Orchestra se produit dans les plus grandes salles de concert d'Asie. Le programme met à l'honneur Tchaïkovski et Rachmaninov.",2024-10-03 15:30:00,"{Culture,Musique,Valais}"
"Polémique autour du projet d'éoliennes dans le Jura","Les associations de défense du paysage s'opposent au parc éolien","Un projet de construction de 15 éoliennes sur les crêtes jurassiennes suscite une levée de boucliers. Les opposants dénoncent une atteinte au patrimoine paysager et à la faune locale.",2024-10-02 18:15:00,"{Actualités,Environnement,Jura}"
"Le HC Davos bat Zoug en finale de la Coupe Spengler","Victoire 4-2 pour les Grisons devant leur public","Le HCD remporte la mythique Coupe Spengler en dominant le champion en titre, le EV Zoug. Un succès qui lance parfaitement la saison des Davosiens.",2024-10-02 22:45:00,"{Sport,Hockey sur glace,Grisons}"
"La Fondation Beyeler présente Monet","150 œuvres du maître impressionniste à Bâle","La Fondation Beyeler accueille la plus importante exposition Monet jamais organisée en Suisse. Les visiteurs peuvent admirer des tableaux prêtés par les plus grands musées mondiaux.",2024-10-02 13:00:00,"{Culture,Arts,Bâle}"
"Scandale de corruption au sein de la FIFA","Des documents révèlent des versements suspects","Une enquête journalistique met au jour des paiements douteux effectués par l'instance mondiale du football. Le ministère public suisse ouvre une procédure pour blanchiment d'argent.",2024-10-01 16:30:00,"{Actualités,Sport,Genève}"
"Xherdan Shaqiri tire sa révérence","Le Bâlois annonce sa retraite internationale à 33 ans","Après 125 sélections et 32 buts, Xherdan Shaqiri met un terme à sa carrière avec l'équipe de Suisse. Le magicien bâlois restera dans les mémoires pour ses buts décisifs en phase finale.",2024-10-01 20:00:00,"{Sport,Football,Bâle}"
"Festival Béjart Ballet Lausanne : 60 ans de danse","Une semaine d'hommage au chorégraphe Maurice Béjart","Le Béjart Ballet Lausanne célèbre six décennies d'excellence chorégraphique avec une programmation exceptionnelle. Les grandes créations de Maurice Béjart sont revisitées par la compagnie.",2024-10-01 11:00:00,"{Culture,Danse,Lausanne}"
"Votations fédérales : les Suisses disent oui au nucléaire","51% des votants approuvent la levée du moratoire","Le peuple suisse accepte de justesse la construction de nouvelles centrales nucléaires. Cette décision marque un tournant dans la politique énergétique helvétique.",2024-09-30 18:00:00,"{Actualités,Politique,Énergie}"
"Clint Capela champion NBA avec les Hawks","Le Genevois soulève son premier titre en carrière","Le pivot suisse des Atlanta Hawks remporte enfin le titre NBA après une finale épique en sept matches. Capela a été décisif dans les rebonds tout au long des playoffs.",2024-09-30 05:00:00,"{Sport,Basketball,Genève}"
"Le Musée Tinguely fête ses 30 ans","Exposition anniversaire des machines cinétiques","Le musée bâlois consacré à Jean Tinguely célèbre trois décennies d'existence avec une exposition rétrospective. Les célèbres machines-sculptures de l'artiste suisse sont mises à l'honneur.",2024-09-29 14:30:00,"{Culture,Arts,Bâle}"
"Crise énergétique : la Suisse rationne l'électricité","Des coupures tournantes programmées cet hiver","Face à la pénurie d'électricité, le Conseil fédéral annonce des mesures de rationnement. Les entreprises et ménages devront réduire leur consommation de 20% durant les pics de demande.",2024-09-29 09:00:00,"{Actualités,Énergie,Suisse}"
"Marco Odermatt remporte son 3e gros globe","Le Nidwaldien domine la saison de ski alpin","Marco Odermatt conclut une saison parfaite en remportant le classement général de la Coupe du monde pour la troisième fois consécutive. Le Suisse s'impose comme le meilleur skieur de sa génération.",2024-09-28 19:45:00,"{Sport,Ski alpin,Nidwald}"
"Les Francofolies de Spa débarquent en Suisse","Un nouveau festival de chanson francophone à Sion","La ville valaisanne accueillera dès 2025 une antenne des célèbres Francofolies. Le festival mettra en avant les artistes francophones suisses et internationaux.",2024-09-28 16:00:00,"{Culture,Musique,Valais}"
"Affaire des fiches : nouveaux documents déclassifiés","Le Conseil fédéral publie des archives secrètes","Des milliers de documents relatifs à la surveillance politique en Suisse durant la Guerre froide sont rendus publics. Ces archives révèlent l'ampleur du fichage des citoyens.",2024-09-28 12:30:00,"{Actualités,Histoire,Suisse}"
"Le Servette FC qualifié pour la Ligue des Champions","Première participation genevoise depuis 1962","Le club grenat réalise l'exploit en se qualifiant pour la phase de poules de la Ligue des Champions. Une première historique qui récompense le travail de l'équipe dirigeante.",2024-09-27 22:00:00,"{Sport,Football,Genève}"
"La Cinémathèque suisse rouvre après rénovation","Le temple du cinéma lausannois fait peau neuve","Après deux ans de travaux, la Cinémathèque suisse dévoile ses nouveaux espaces. Le bâtiment agrandi propose trois salles de projection et un centre de recherche cinématographique.",2024-09-27 17:30:00,"{Culture,Cinéma,Lausanne}"
"Hausse du chômage en Suisse romande","Le taux grimpe à 3,8% dans les cantons francophones","Les statistiques du SECO révèlent une dégradation du marché de l'emploi en Suisse romande. Les secteurs de l'horlogerie et de la construction sont particulièrement touchés.",2024-09-27 10:00:00,"{Actualités,Économie,Suisse romande}"
"Wendy Holdener en tête du slalom de Levi","La Schwyzoise s'impose en Finlande","Wendy Holdener remporte son premier slalom de la saison en devançant Mikaela Shiffrin. La Suissesse lance idéalement sa quête d'un premier gros globe de cristal.",2024-09-26 15:00:00,"{Sport,Ski alpin,Schwyz}"
"Le Festival de la Cité transforme Lausanne","Cinq jours d'arts de la rue dans la capitale vaudoise","Le Festival de la Cité investit les places et rues de Lausanne avec 200 spectacles gratuits. Théâtre, danse, cirque et musique animent la ville durant tout le week-end.",2024-09-26 11:30:00,"{Culture,Festival,Lausanne}"
"Votation cantonale genevoise sur le salaire minimum","Les Genevois approuvent les 23 francs de l'heure","Le canton de Genève adopte le salaire minimum le plus élevé de Suisse avec 23 francs de l'heure. Cette mesure doit entrer en vigueur dès janvier prochain.",2024-09-25 19:00:00,"{Actualités,Politique,Genève}"
"Le SC Berne champion de Suisse de hockey","Les Bernois décrochent leur 17e titre national","Le SCB s'impose en finale des playoffs face aux ZSC Lions. Un titre qui récompense une saison exceptionnelle de la formation de la capitale.",2024-09-25 22:30:00,"{Sport,Hockey sur glace,Berne}"
"Le Musée Jenisch présente Hodler","140 œuvres du peintre bernois à Vevey","Le Musée Jenisch organise une rétrospective Ferdinand Hodler avec des toiles venues de collections privées rarement exposées. L'exposition explore les périodes symboliste et monumentale de l'artiste.",2024-09-25 13:45:00,"{Culture,Arts,Vevey}"
"Grève des enseignants dans le canton de Vaud","5000 professeurs manifestent pour de meilleures conditions","Les enseignants vaudois descendent dans la rue pour protester contre la surcharge de travail et réclamer des hausses salariales. Le mouvement perturbe les cours dans tout le canton.",2024-09-24 16:00:00,"{Actualités,Éducation,Vaud}"
"Dario Cologna annonce sa retraite sportive","Le fondeur grison tire sa révérence à 38 ans","Quadruple champion olympique, Dario Cologna met un terme à sa carrière exceptionnelle. Le Grison restera comme l'un des plus grands fondeurs de l'histoire du ski nordique.",2024-09-24 18:30:00,"{Sport,Ski de fond,Grisons}"
"Le Septembre Musical de Montreux débute","Deux semaines de concerts de musique classique","Le festival montreusien ouvre sa 60e édition avec un concert du pianiste Lang Lang. La programmation mêle jeunes talents et artistes consacrés dans les plus beaux lieux de la Riviera.",2024-09-24 20:00:00,"{Culture,Musique classique,Montreux}"
"La Suisse face à une pénurie de main-d'œuvre","200'000 postes vacants dans tout le pays","Les entreprises helvétiques peinent à recruter dans tous les secteurs. La santé, l'informatique et l'ingénierie sont particulièrement concernés par cette crise des talents.",2024-09-23 14:30:00,"{Actualités,Économie,Emploi}"
"Ramon Zenhäusern champion du monde de slalom","L'or pour le Valaisan aux Mondiaux de Courchevel","Le skieur du Haut-Valais réalise une deuxième manche parfaite pour décrocher le titre mondial. Un exploit qui vient couronner des années d'efforts.",2024-09-23 13:00:00,"{Sport,Ski alpin,Valais}"
"La Fête des Vignerons inscrite au patrimoine de l'UNESCO","Reconnaissance internationale pour la tradition vaudoise","L'UNESCO inscrit la Fête des Vignerons de Vevey sur sa liste du patrimoine immatériel. Cette célébration viticole millénaire est reconnue pour sa dimension culturelle exceptionnelle.",2024-09-23 10:00:00,"{Culture,Tradition,Vaud}"
"Débat houleux au Conseil national sur l'immigration","La droite et la gauche s'affrontent sur les quotas","Les parlementaires fédéraux se sont opposés vivement sur la question de l'immigration. L'UDC réclame des quotas stricts tandis que la gauche défend une politique d'accueil.",2024-09-22 17:00:00,"{Actualités,Politique,Migration}"
"Le FC Lugano se qualifie pour l'Europa League","Première européenne pour le club tessinois depuis 30 ans","Les Bianconeri créent la sensation en éliminant le Fenerbahçe en barrages. Le club tessinois retrouve une compétition européenne après trois décennies d'absence.",2024-09-22 23:00:00,"{Sport,Football,Tessin}"
"Le Grand Théâtre de Genève présente 'Carmen'","Nouvelle production de l'opéra de Bizet en version moderne","Le metteur en scène Calixto Bieito signe une relecture contemporaine et audacieuse de Carmen. La production divise le public genevois entre enthousiastes et détracteurs.",2024-09-22 15:30:00,"{Culture,Opéra,Genève}"
"Accident grave sur l'A1 près de Lausanne","Un carambolage fait 5 blessés sur l'autoroute","Un accident impliquant sept véhicules a provoqué d'importantes perturbations sur l'autoroute A1 entre Lausanne et Morges. Cinq personnes ont été hospitalisées.",2024-09-21 12:00:00,"{Actualités,Faits divers,Vaud}"
"Michelle Gisin médaillée d'or au combiné","Double titre olympique pour la Suissesse","Michelle Gisin conserve son titre olympique en combiné alpin. L'Obwaldienne devance sa compatriote Wendy Holdener pour un doublé suisse historique.",2024-09-21 08:30:00,"{Sport,Ski alpin,Obwald}"
"Le Musée suisse des transports bat un record","550'000 visiteurs en 2024 à Lucerne","Le musée lucernois confirme son statut de site touristique le plus visité de Suisse. La nouvelle exposition sur l'aviation spatiale explique en partie ce succès.",2024-09-20 16:45:00,"{Culture,Musées,Lucerne}"
"Le Conseil fédéral présente son plan climat","100 mesures pour atteindre la neutralité carbone","Le gouvernement suisse dévoile sa feuille de route climatique. Les transports, le bâtiment et l'agriculture seront les secteurs prioritaires pour la réduction des émissions.",2024-09-20 11:00:00,"{Actualités,Environnement,Politique}"
"Eugenie Bouchard rejoint le Tournoi de Genève","La Canadienne tête d'affiche de l'édition 2025","L'ancienne finaliste de Wimbledon a confirmé sa participation au Ladies Open de Genève. Le tournoi WTA attire une nouvelle fois les meilleures joueuses mondiales.",2024-09-19 19:30:00,"{Sport,Tennis,Genève}"
"Le Festival du film fantastique de Neuchâtel ouvre ses portes","NIFFF 2024 : dix jours de cinéma de genre","Le festival neuchâtelois démarre avec la projection mondiale d'un film de science-fiction sud-coréen. Plus de 100 films seront projetés durant l'événement.",2024-09-19 14:00:00,"{Culture,Cinéma,Neuchâtel}"
"Crise dans l'horlogerie suisse","Les exportations chutent de 15% sur un an","L'industrie horlogère suisse traverse une période difficile avec une baisse marquée des exportations vers la Chine et Hong Kong. Les marques du luxe sont particulièrement affectées.",2024-09-19 09:30:00,"{Actualités,Économie,Horlogerie}"
"Joël Monteiro buteur avec le Sporting Portugal","Le Jurassien s'illustre en Ligue des Champions","Le jeune attaquant suisse a inscrit son premier but en C1 face à Manchester City. Une performance remarquée qui confirme son éclosion au plus haut niveau.",2024-09-18 23:15:00,"{Sport,Football,Jura}"
"La Nuit des musées illumine Genève","80'000 visiteurs pour la 22e édition","La Nuit des musées genevoise affiche complet avec des files d'attente devant les institutions culturelles. Le Musée d'art et d'histoire et le Musée Ariana ont particulièrement séduit.",2024-09-18 01:00:00,"{Culture,Événement,Genève}"
"Référendum contre la réforme fiscale lancé","La gauche récolte des signatures contre la baisse d'impôts","Un comité référendaire s'oppose à la réforme fiscale adoptée par le parlement. Les opposants dénoncent des cadeaux aux plus fortunés au détriment des services publics.",2024-09-17 16:00:00,"{Actualités,Politique,Fiscalité}"
"Le HC Ambri-Piotta inaugure sa nouvelle patinoire","15'000 spectateurs pour le match d'ouverture","La Valascia nouvelle génération accueille son premier match officiel dans une ambiance électrique. Les Léventins s'imposent 4-2 face à Davos pour fêter dignement l'événement.",2024-09-17 22:30:00,"{Sport,Hockey sur glace,Tessin}"
"Le Festival Images de Vevey revient en 2025","Biennale de la photographie sur les quais du Léman","Les organisateurs du Festival Images annoncent le thème de la prochaine édition : 'Mutations'. Des expositions en plein air investiront la ville de Vevey durant tout l'été.",2024-09-17 13:30:00,"{Culture,Photographie,Vevey}"
"Hausse des primes maladie confirmée","Les assurés paieront 6% de plus en 2025","Le Conseil fédéral confirme l'augmentation des primes d'assurance maladie. Cette hausse significative pèsera sur le budget des ménages suisses.",2024-09-16 18:00:00,"{Actualités,Santé,Assurances}"
"Denis Malgin retrouve les ZSC Lions","Le Zurichois rentre au pays après 8 ans en NHL","L'attaquant suisse fait son retour en National League après une carrière en Amérique du Nord. Malgin s'engage pour trois saisons avec les champions en titre.",2024-09-16 15:00:00,"{Sport,Hockey,Zürich}"
"Le Château de Gruyères accueille HR Giger","Exposition temporaire de l'artiste de l'Alien","Le musée médiéval fribourgeois présente une sélection d'œuvres de HR Giger. Les univers biomécanique et fantastique du créateur d'Alien côtoient l'architecture médiévale.",2024-09-16 11:00:00,"{Culture,Arts,Fribourg}"
"La Suisse accueille les championnats du monde de cyclisme","Zürich 2024 : une semaine de courses d'exception","La métropole zurichoise devient le centre du cyclisme mondial avec l'organisation des Mondiaux sur route. Plus de 200'000 spectateurs sont attendus le long des parcours.",2024-09-15 17:30:00,"{Sport,Cyclisme,Zürich}"
"Alizé Cornet à Lausanne pour le BGL Open","La Française favorite du tournoi vaudois","Le tournoi WTA de Lausanne accueille Alizé Cornet comme tête de série numéro 1. La compétition réunit les meilleures joueuses sur terre battue.",2024-09-15 13:00:00,"{Sport,Tennis,Lausanne}"
"Le Musée d'ethnographie de Genève rénové","Réouverture après cinq ans de travaux","Le MEG dévoile ses nouveaux espaces entièrement repensés. L'institution genevoise propose un parcours immersif à travers les cultures du monde avec 1500 objets exposés.",2024-09-15 10:00:00,"{Culture,Musées,Genève}"
"Initiative populaire sur les animaux de rente acceptée","Le peuple suisse vote pour plus de bien-être animal","L'initiative pour l'interdiction de l'élevage intensif est acceptée de justesse avec 50,8% des voix. Cette décision historique va transformer l'agriculture suisse.",2024-09-14 19:00:00,"{Actualités,Agriculture,Votations}"
"Romain Grosjean de retour en Formule 1","Le Vaudois pilote d'essai chez Alpine","Après trois ans en IndyCar, Romain Grosjean revient en F1 dans un rôle de pilote de développement. Le Suisse contribuera à l'amélioration de la monoplace française.",2024-09-14 14:30:00,"{Sport,Formule 1,Vaud}"
"Le Théâtre du Grütli présente 'Rhinocéros'","Ionesco revisité par la compagnie genevoise","La troupe genevoise propose une relecture contemporaine de la pièce de Ionesco. La mise en scène transpose l'action dans le monde des réseaux sociaux.",2024-09-14 11:30:00,"{Culture,Théâtre,Genève}"
"Scandale de dopage dans le football suisse","Quatre joueurs de Super League suspendus","L'Agence suisse antidopage annonce la suspension de quatre footballeurs professionnels après des contrôles positifs. Les clubs concernés refusent de communiquer les identités.",2024-09-13 20:00:00,"{Sport,Football,Dopage}"
"Le Jardin botanique de Genève fête ses 200 ans","Exposition exceptionnelle de plantes rares","Le jardin botanique célèbre son bicentenaire avec l'ouverture d'une serre dédiée aux espèces menacées. Plus de 500 plantes en voie de disparition sont présentées au public.",2024-09-13 15:00:00,"{Culture,Sciences,Genève}"
"Forte hausse du prix du pain en Suisse","Les boulangers répercutent l'inflation sur les consommateurs","Le coût des céréales et de l'énergie force les boulangers romands à augmenter leurs prix de 10 à 15%. Un pain de campagne coûte désormais plus de 7 francs.",2024-09-13 12:00:00,"{Actualités,Économie,Alimentation}"
"Julie Derron championne du monde de triathlon","L'or pour la Zurichoise à Pontevedra","La triathlète suisse décroche le titre mondial en Espagne après une course parfaite. Julie Derron s'impose comme la nouvelle reine du triathlon mondial.",2024-09-12 18:30:00,"{Sport,Triathlon,Zürich}"
"Le MAMCO présente 'Art et intelligence artificielle'","Exposition collective sur la création à l'ère du numérique","Le Musée d'art moderne et contemporain de Genève explore les liens entre art et IA. Quinze artistes internationaux interrogent les limites de la créativité algorithmique.",2024-09-12 14:00:00,"{Culture,Arts,Genève}"
"Inondations dans le canton du Valais","Des coulées de boue menacent plusieurs villages","Des pluies torrentielles provoquent des inondations et coulées de boue dans le Haut-Valais. Les autorités ont évacué plusieurs hameaux par précaution.",2024-09-12 08:00:00,"{Actualités,Météo,Valais}"
"Giulia Steingruber tire sa révérence","La gymnaste suisse annonce sa retraite à 28 ans","Médaillée de bronze olympique, Giulia Steingruber met un terme à sa carrière après quinze ans au plus haut niveau. La Saint-Galloise reste comme l'une des meilleures gymnastes helvétiques.",2024-09-11 17:00:00,"{Sport,Gymnastique,Saint-Gall}"
"Le Festival de la BD de Sierre débute","Trois jours consacrés au 9e art en Valais","Le festival valaisan accueille une centaine d'auteurs de bande dessinée. Des dédicaces, expositions et conférences rythment ce rendez-vous des amoureux de BD.",2024-09-11 12:30:00,"{Culture,Bande dessinée,Valais}"
"Le franc suisse atteint un niveau record","La monnaie helvétique s'apprécie face à l'euro","Le franc suisse s'échange à 0,92 euro, son niveau le plus haut depuis cinq ans. Cette appréciation inquiète les exportateurs et le secteur touristique.",2024-09-11 10:00:00,"{Actualités,Économie,Finance}"
"Mujinga Kambundji en finale des championnats du monde","La Bernoise vise le podium sur 100 mètres","La sprinteuse suisse se qualifie pour la finale mondiale du 100 mètres. Mujinga Kambundji rêve d'une première médaille mondiale sur la distance reine.",2024-09-10 21:00:00,"{Sport,Athlétisme,Berne}"
"Le Château de Prangins présente 'Révolution textile'","Exposition sur l'histoire de l'industrie suisse","Le Musée national suisse retrace 200 ans d'industrie textile helvétique. L'exposition aborde les innovations technologiques et les conditions de travail des ouvrières.",2024-09-10 16:00:00,"{Culture,Histoire,Vaud}"
"Votation sur l'initiative biodiversité","Les sondages donnent un scrutin serré","À quelques semaines du vote, l'initiative pour plus de biodiversité divise la Suisse. Les agriculteurs s'y opposent tandis que les écologistes la soutiennent fermement.",2024-09-10 13:00:00,"{Actualités,Environnement,Votations}"
"Sébastien Buemi prolonge avec Nissan en Formule E","Le Vaudois reste en championnat électrique","Le pilote suisse s'engage pour deux saisons supplémentaires avec l'équipe japonaise. Buemi vise un deuxième titre mondial après celui de 2016.",2024-09-09 18:00:00,"{Sport,Formule E,Vaud}"
"Le Verbier 3-D Festival présente les dernières technologies","Trois jours dédiés à l'innovation numérique en montagne","Le festival valaisan accueille les acteurs de la tech et de l'innovation. Réalité virtuelle, intelligence artificielle et blockchain sont au programme.",2024-09-09 14:30:00,"{Culture,Technologie,Valais}"
"Grève dans les EMS genevois","Le personnel réclame de meilleures conditions de travail","Les employés des établissements médico-sociaux genevois débrayent pour protester contre la surcharge de travail et les bas salaires. Une manifestation est prévue devant le Grand Conseil.",2024-09-09 11:00:00,"{Actualités,Santé,Genève}"
"Steve Guerdat remporte le Grand Prix de Genève","Le Jurassien s'impose au CHI de Genève","Le cavalier suisse triomphe dans l'épreuve reine des concours hippiques internationaux de Genève. Sa jument Dynamix a réalisé un sans-faute spectaculaire.",2024-09-08 21:00:00,"{Sport,Équitation,Genève}"
"Le Théâtre de Carouge inaugure sa saison","Une programmation éclectique pour tous les publics","Le théâtre carougeois présente sa nouvelle saison avec une vingtaine de créations. Le directeur artistique mise sur la diversité des genres et des esthétiques.",2024-09-08 17:00:00,"{Culture,Théâtre,Genève}"
"Accident nucléaire évité de justesse à Beznau","Un incident technique provoque l'arrêt d'un réacteur","La centrale nucléaire argovienne a connu un incident classé au niveau 2 sur l'échelle INES. L'exploitant assure qu'aucun danger n'a menacé la population.",2024-09-08 09:00:00,"{Actualités,Énergie,Argovie}"
"Simon Ehammer médaillé d'argent au décathlon","Le Saint-Gallois sur le podium des championnats d'Europe","Le prodige suisse du décathlon décroche l'argent à Munich. À seulement 24 ans, Simon Ehammer s'affirme comme l'un des meilleurs athlètes complets du continent.",2024-09-07 22:00:00,"{Sport,Athlétisme,Saint-Gall}"
"Le Festival du film de Fribourg célèbre le cinéma africain","26e édition du FIFF consacrée aux cinémas d'Afrique","Le festival fribourgeois met à l'honneur la diversité des cinématographies africaines avec 150 films projetés. Des réalisateurs venus de tout le continent participent aux débats.",2024-09-07 18:30:00,"{Culture,Cinéma,Fribourg}"
"Initiative pour un congé paternité de 4 semaines acceptée","Les Suisses votent oui à 60%","Le peuple suisse approuve massivement l'extension du congé paternité. Cette avancée sociale place la Suisse dans la moyenne européenne en matière de droits parentaux.",2024-09-07 19:00:00,"{Actualités,Social,Votations}"
"Le HC Ajoie crée la sensation","Le club jurassien bat Berne 5-1","Les Ajoulots réalisent l'exploit de la soirée en dominant le champion suisse. Cette victoire confirme l'excellente forme du promu jurassien.",2024-09-06 22:30:00,"{Sport,Hockey sur glace,Jura}"
"La Collection de l'Art Brut s'agrandit","Nouveaux espaces à Lausanne pour l'art outsider","Le musée lausannois consacré à l'art brut inaugure une extension de 600 m². Les nouvelles salles accueilleront des expositions temporaires et des ateliers pédagogiques.",2024-09-06 15:00:00,"{Culture,Arts,Lausanne}"
"Canicule exceptionnelle en Suisse","Des températures record à Genève et Sion","Le thermomètre affiche 39°C à Sion et 37°C à Genève, battant les records de septembre. MétéoSuisse émet une alerte canicule pour tout le pays.",2024-09-06 14:00:00,"{Actualités,Météo,Suisse}"
"Timea Bacsinszky intronisée au Hall of Fame suisse","La Vaudoise honorée pour sa carrière","L'ancienne numéro 9 mondiale rejoint le panthéon du tennis helvétique. Timea Bacsinszky a marqué le tennis suisse par ses victoires et son engagement.",2024-09-05 19:00:00,"{Sport,Tennis,Vaud}"
"Le Festival du film asiatique de Delémont démarre","Une semaine consacrée aux cinémas d'Asie","Le festival jurassien projette 40 films venus d'Asie. De la Corée du Sud au Japon en passant par l'Inde, toutes les cinématographies sont représentées.",2024-09-05 20:00:00,"{Culture,Cinéma,Jura}"
"Crise du lait : les producteurs manifestent à Berne","1000 agriculteurs réclament des prix équitables","Les producteurs laitiers suisses manifestent devant le Palais fédéral contre la chute des prix du lait. Ils exigent des mesures de soutien du Conseil fédéral.",2024-09-05 13:00:00,"{Actualités,Agriculture,Berne}"
"Nino Schurter champion olympique pour la 2e fois","Le Grison en or aux JO de Paris","Le vététiste suisse réalise le doublé olympique à 38 ans. Nino Schurter s'impose dans une course tactique parfaitement maîtrisée.",2024-09-04 16:00:00,"{Sport,VTT,Grisons}"
"Le Musée suisse du jeu de La Tour-de-Peilz fait peau neuve","Réouverture après une rénovation complète","Le musée vaudois consacré au jeu propose un parcours modernisé. Des jeux vidéo rétro aux jeux de société traditionnels, trois étages d'exposition ludique attendent les visiteurs.",2024-09-04 14:00:00,"{Culture,Musées,Vaud}"
"Le PLR remporte les élections genevoises","Victoire de la droite au Grand Conseil","Le Parti libéral-radical arrive en tête des élections cantonales genevoises avec 28% des suffrages. La gauche perd sa majorité absolue au parlement cantonal.",2024-09-04 20:00:00,"{Actualités,Politique,Genève}"
"Léo Lacroix en bronze aux Mondiaux d'athlétisme","Le perchiste vaudois sur le podium à Eugene","Le sauteur à la perche suisse décroche la médaille de bronze avec un saut à 5m95. Léo Lacroix offre une première médaille mondiale à la Suisse.",2024-09-03 04:00:00,"{Sport,Athlétisme,Vaud}"
"Le Museo d'arte della Svizzera italiana s'agrandit","Inauguration d'une nouvelle aile à Lugano","Le MASI présente ses nouveaux espaces conçus par Mario Botta. L'extension permet au musée tessinois de doubler sa surface d'exposition.",2024-09-03 16:30:00,"{Culture,Arts,Tessin}"
"Vague de cambriolages dans le canton de Neuchâtel","La police lance un appel à la vigilance","Une série de cambriolages frappe les communes neuchâteloises depuis trois semaines. Les autorités renforcent les patrouilles et appellent la population à la prudence.",2024-09-03 18:00:00,"{Actualités,Sécurité,Neuchâtel}"
"Dominique Aegerter champion du monde Supersport","Le titre pour le pilote de Rohrbach","Le Bernois décroche son premier titre mondial en Supersport après une saison dominée de bout en bout. Aegerter a remporté 14 des 18 courses du championnat.",2024-09-02 17:00:00,"{Sport,Moto,Berne}"
"Le Musée Rath présente Cézanne","50 tableaux du maître aixois à Genève","Le musée genevois accueille une exposition temporaire consacrée à Paul Cézanne. Les toiles proviennent de collections privées et de grands musées internationaux.",2024-09-02 13:00:00,"{Culture,Arts,Genève}"
"Le Conseil fédéral valide l'achat de nouveaux avions de combat","35 F-35 pour l'armée suisse","Le gouvernement confirme l'acquisition de chasseurs américains malgré l'opposition de la gauche. Les premiers appareils seront livrés en 2027.",2024-09-02 11:00:00,"{Actualités,Défense,Armée}"
"Noémie Schmidt au Festival de Cannes","L'actrice romande présente son nouveau film","La comédienne suisse monte les marches du festival pour la projection de 'Les Ombres du passé'. Noémie Schmidt y interprète une journaliste d'investigation.",2024-09-01 21:00:00,"{Culture,Cinéma,Suisse romande}"
"Nico Elvedi prolonge avec Mönchengladbach","Le défenseur zurichois s'engage jusqu'en 2028","Le pilier de l'équipe de Suisse étend son contrat avec le club allemand. Nico Elvedi rejette ainsi les offres de plusieurs grands clubs européens.",2024-09-01 16:00:00,"{Sport,Football,Zürich}"
"Ouverture du nouveau terminal de l'aéroport de Genève","200 millions investis dans la modernisation","L'aéroport international de Genève inaugure son terminal agrandi pouvant accueillir 25 millions de passagers par an. Les infrastructures comprennent de nouveaux commerces et restaurants.",2024-09-01 10:00:00,"{Actualités,Transports,Genève}"
"Le Montreux Comedy Festival dévoile sa programmation","Florence Foresti et Gad Elmaleh en têtes d'affiche","Le festival d'humour montreusien annonce une affiche prestigieuse pour sa prochaine édition. Plus de 50 spectacles sont programmés durant deux semaines.",2024-08-31 17:00:00,"{Culture,Humour,Montreux}"
"Yann Sommer élu meilleur gardien de Bundesliga","Le portier suisse sacré pour la 3e fois","Le gardien de l'Inter Milan, prêté au Bayern Munich, reçoit le trophée du meilleur keeper du championnat allemand. Yann Sommer égale le record de Diego Benaglio.",2024-08-31 19:30:00,"{Sport,Football,Bâle}"
"Grève générale dans les transports publics romands","Perturbations majeures dans tout l'arc lémanique","Les TPG, TL et TN sont en grève pour protester contre les réformes des retraites. Les usagers sont invités à privilégier le télétravail ou le covoiturage.",2024-08-31 06:00:00,"{Actualités,Transports,Suisse romande}"
"Patrick Küng met un terme à sa carrière","Le Schwyzois raccroche les skis à 33 ans","Le descendeur suisse annonce sa retraite sportive après une carrière marquée par les blessures. Patrick Küng aura été vice-champion du monde de descente en 2015.",2024-08-30 18:00:00,"{Sport,Ski alpin,Schwyz}"
"Le Musée international de la Croix-Rouge rénové","Nouvelle muséographie à Genève","L'institution genevoise rouvre après trois ans de travaux. Le parcours repensé aborde les défis humanitaires contemporains à travers des témoignages immersifs.",2024-08-30 14:00:00,"{Culture,Humanitaire,Genève}"
"Le canton de Vaud interdit les voitures en ville le dimanche","Mesure test pour réduire la pollution à Lausanne","Les autorités vaudoises instaurent trois dimanches sans voiture dans la capitale cantonale. L'objectif est de sensibiliser la population aux enjeux de la mobilité douce.",2024-08-30 12:00:00,"{Actualités,Environnement,Lausanne}"
"Joël Camathias champion suisse de course de côte","Le Fribourgeois s'impose au classement général","Le pilote de Bulle remporte le titre national après six courses. Joël Camathias a dominé la saison sur sa Norma M20FC.",2024-08-29 20:00:00,"{Sport,Sport automobile,Fribourg}"
"Le Festival d'Avignon en terre vaudoise","Cinq spectacles du festival français au Théâtre de Vidy","Le théâtre lausannois accueille une sélection de spectacles primés au Festival d'Avignon. Cette tournée suisse permet au public romand de découvrir la création contemporaine française.",2024-08-29 16:00:00,"{Culture,Théâtre,Lausanne}"
"Votation sur la neutralité suisse","L'initiative UDC pour renforcer la neutralité rejetée","Le peuple suisse refuse à 58% l'initiative visant à inscrire une neutralité absolue dans la Constitution. Ce vote confirme la ligne du Conseil fédéral.",2024-08-29 19:00:00,"{Actualités,Politique,Votations}"
"Breel Embolo buteur décisif avec Monaco","L'attaquant suisse qualifie son équipe pour la C1","Le Bâlois inscrit le but de la qualification en barrage retour de Ligue des Champions. Monaco se hisse dans la phase de poules grâce à Embolo.",2024-08-28 23:00:00,"{Sport,Football,Bâle}"
"Le Musée gruérien présente l'art du chalet suisse","Exposition sur l'architecture traditionnelle alpestre","Le musée de Bulle explore l'évolution du chalet de montagne à travers les siècles. Maquettes, photographies et objets d'époque retracent cette tradition architecturale.",2024-08-28 15:00:00,"{Culture,Architecture,Fribourg}"
"Alerte sécheresse dans plusieurs cantons suisses","Des restrictions d'eau entrent en vigueur","Face à la sécheresse persistante, les cantons de Vaud, Neuchâtel et Fribourg imposent des restrictions sur l'utilisation de l'eau. L'arrosage des jardins et le lavage des voitures sont interdits.",2024-08-28 10:00:00,"{Actualités,Environnement,Suisse romande}"
"Fabio Quartararo remporte le GP de Suisse","Le Français s'impose au Sachsenring devant Bagnaia","Le pilote Yamaha décroche sa première victoire de la saison en MotoGP. Plus de 50'000 spectateurs ont assisté à cette course palpitante sur le circuit allemand.",2024-08-27 16:00:00,"{Sport,Moto,International}"
"Le Château de Morges expose les dahlias","Le parc du château accueille 300 variétés de fleurs","La traditionnelle fête des dahlias débute à Morges avec une explosion de couleurs dans les jardins du château. Plus de 35'000 bulbes ont été plantés pour cette 35e édition.",2024-08-27 11:00:00,"{Culture,Nature,Vaud}"
"Scandale à l'UBS : amendes record pour manipulation","La banque écope de 2 milliards de francs d'amende","Les autorités suisses et internationales sanctionnent lourdement UBS pour manipulation des taux de change. Le scandale éclabousse la place financière helvétique.",2024-08-27 09:00:00,"{Actualités,Finance,Zürich}"
"Le Tour de Romandie présente son parcours 2025","Six étapes à travers la Suisse romande","La course cycliste dévoile un tracé montagneux avec une arrivée au sommet du col de la Croix. L'épreuve reine se disputera dans les Alpes valaisannes.",2024-08-26 17:00:00,"{Sport,Cyclisme,Suisse romande}"
"Le Musée de l'Élysée célèbre la photographie suisse","Rétrospective de 100 ans d'image en Suisse","Le musée lausannois présente une exposition majeure retraçant l'histoire de la photographie helvétique. Des pionniers du début du XXe siècle aux photographes contemporains.",2024-08-26 14:00:00,"{Culture,Photographie,Lausanne}"
"Le Conseil fédéral nomme une nouvelle juge fédérale","Martha Niquille élue à la Cour suprême","La Fribourgeoise rejoint le Tribunal fédéral de Lausanne. Cette nomination renforce la représentation romande au sein de la plus haute instance judiciaire.",2024-08-26 11:00:00,"{Actualités,Justice,Lausanne}"
"Marc Hirschi remporte le Tour de Lombardie","Le Bernois s'impose sur la classique italienne","Le coureur cycliste suisse décroche sa première classique Monument en devançant Pogacar et Roglic. Marc Hirschi inscrit son nom au palmarès de la Classicissima.",2024-08-25 18:00:00,"{Sport,Cyclisme,Berne}"
"Le Festival Cinémas d'Afrique de Lausanne ouvre","Deux semaines consacrées au cinéma africain","Le festival lausannois projette 60 films venus de tout le continent africain. Des réalisateurs et acteurs africains participent aux rencontres et débats.",2024-08-25 19:00:00,"{Culture,Cinéma,Lausanne}"
"La Suisse confrontée à une pénurie de médicaments","Des centaines de traitements en rupture de stock","L'approvisionnement en médicaments essentiels pose problème dans toute la Suisse. Les pharmacies peinent à obtenir certains antibiotiques et traitements cardiaques.",2024-08-25 13:00:00,"{Actualités,Santé,Suisse}"
"Granit Xhaka champion d'Allemagne avec Leverkusen","Le Bâlois soulève son premier titre de champion","Le milieu de terrain suisse remporte la Bundesliga de manière invaincue avec le Bayer Leverkusen. Une saison historique pour Xhaka et son équipe.",2024-08-24 17:30:00,"{Sport,Football,Bâle}"
"Le Musée des beaux-arts de La Chaux-de-Fonds rénové","Réouverture du musée neuchâtelois après travaux","L'institution neuchâteloise dévoile ses espaces modernisés. Le musée présente sa collection permanente enrichie de nouvelles acquisitions d'art contemporain.",2024-08-24 15:00:00,"{Culture,Arts,Neuchâtel}"
"Crise de l'asile : les centres d'accueil saturés","La Suisse romande au bord de la rupture","Les structures d'accueil pour demandeurs d'asile sont débordées dans tous les cantons romands. Les autorités cherchent des solutions d'hébergement d'urgence.",2024-08-24 10:00:00,"{Actualités,Migration,Suisse romande}"
"Michelle Gisin remporte le slalom de Killington","La Suissesse s'impose aux États-Unis","L'Obwaldienne décroche sa troisième victoire de la saison en slalom. Michelle Gisin confirme son excellent début de saison en Coupe du monde.",2024-08-23 21:00:00,"{Sport,Ski alpin,Obwald}"
"Le Grand Conseil vaudois adopte le budget 2025","Un budget équilibré malgré les incertitudes","Le parlement cantonal vote le budget avec 120 voix pour et 55 contre. Les investissements dans l'éducation et la santé sont préservés.",2024-08-23 18:00:00,"{Actualités,Politique,Vaud}"
"Le Rosey Concert Hall inaugure sa saison musicale","Programmation prestigieuse au bord du Léman","La salle de concert de Rolle accueille les plus grands artistes classiques. L'Orchestre de chambre de Lausanne ouvrira la saison avec un programme Beethoven.",2024-08-23 16:00:00,"{Culture,Musique classique,Vaud}"
"Attentat déjoué à Genève","La police arrête trois suspects","Les forces de l'ordre annoncent avoir déjoué un projet d'attentat dans la ville de Calvin. Trois individus radicalisés ont été interpellés lors d'une opération coordonnée.",2024-08-22 22:00:00,"{Actualités,Sécurité,Genève}"
"Nino Niederreiter signe au Winnipeg Jets","L'attaquant grison change d'équipe en NHL","Le hockeyeur suisse rejoint la franchise canadienne après cinq saisons à Nashville. Niederreiter paraphe un contrat de trois ans avec les Jets.",2024-08-22 19:00:00,"{Sport,Hockey,Grisons}"
"Le Festival du rire de Montreux fait salle comble","15'000 spectateurs pour trois jours d'humour","Le festival montreusien affiche complet pour toutes les représentations. Jamel Debbouze, Kev Adams et les Chevaliers du fiel ont fait l'unanimité.",2024-08-22 12:00:00,"{Culture,Humour,Montreux}"
"Initiative pour un salaire minimum fédéral déposée","Les syndicats remettent 150'000 signatures","Le comité intersyndical dépose l'initiative pour un salaire minimum de 4'500 francs par mois. Le texte sera soumis au peuple dans les deux prochaines années.",2024-08-21 16:00:00,"{Actualités,Social,Votations}"
"Loïc Meillard en tête du slalom géant de Adelboden","Le Neuchâtelois domine la première manche","Le skieur suisse réalise le meilleur temps de la première manche devant Odermatt. La deuxième manche décidera du vainqueur de ce géant mythique.",2024-08-21 13:30:00,"{Sport,Ski alpin,Neuchâtel}"
"Le Musée Barbier-Mueller ferme définitivement","Les collections seront dispersées aux enchères","L'institution genevoise consacrée aux arts premiers annonce sa fermeture après 50 ans d'existence. Les œuvres seront vendues dans plusieurs ventes internationales.",2024-08-21 10:00:00,"{Culture,Musées,Genève}"
"Canicule record en Suisse romande","40°C à Sion, nouveau record absolu","La capitale valaisanne enregistre la température la plus élevée jamais mesurée en Suisse. Cette canicule historique met les infrastructures à rude épreuve.",2024-08-20 18:00:00,"{Actualités,Météo,Valais}"
"Kevin Fiala prolonge avec les LA Kings","Le Saint-Gallois s'engage jusqu'en 2031","L'attaquant suisse paraphe une extension de contrat record avec la franchise californienne. Fiala devient l'un des joueurs suisses les mieux payés de la NHL.",2024-08-20 22:00:00,"{Sport,Hockey,Saint-Gall}"
"Le Château de Valère accueille un festival de musique ancienne","Trois semaines de concerts à Sion","Le monument valaisan vibre au son de la musique baroque et Renaissance. Les plus grands ensembles de musique ancienne se produisent dans la basilique millénaire.",2024-08-20 15:00:00,"{Culture,Musique,Valais}"
"Accident d'avion dans les Alpes bernoises","Les secours recherchent l'épave","Un petit avion de tourisme s'est écrasé dans la région du Jungfraujoch. Les conditions météorologiques compliquent les opérations de recherche et de secours.",2024-08-19 14:00:00,"{Actualités,Faits divers,Berne}"
"Belinda Bencic de retour sur les courts","La Suissesse annonce son come-back après sa maternité","La championne olympique confirme son retour à la compétition pour le tournoi de Miami. Bencic s'est entraînée durant trois mois en Espagne.",2024-08-19 17:00:00,"{Sport,Tennis,Suisse}"
"Le Musée de la vigne de Sierre rouvre","Nouvelle scénographie dans les caves du château","Le musée valaisan propose un parcours immersif à travers l'histoire viticole du canton. Dégustation et ateliers complètent la visite.",2024-08-19 13:00:00,"{Culture,Vin,Valais}"
"Le Conseil fédéral augmente le prix du tabac","Les cigarettes coûteront 20% plus cher dès janvier","Le gouvernement relève drastiquement l'impôt sur le tabac pour des raisons de santé publique. Un paquet de cigarettes dépassera les 15 francs.",2024-08-18 11:00:00,"{Actualités,Santé,Fiscalité}"
"Didier Cuche intronisé au Panthéon du ski","Le Neuchâtelois rejoint les légendes du ski mondial","L'ancien champion du monde de descente reçoit cet honneur lors d'une cérémonie à Kitzbühel. Cuche a marqué l'histoire du ski alpin suisse.",2024-08-18 19:00:00,"{Sport,Ski alpin,Neuchâtel}"
"Le Victoria Hall de Genève rénové","La salle de concert rouvre après deux ans de travaux","L'acoustique exceptionnelle de la salle a été préservée lors de la rénovation. Un concert inaugural avec l'OSR marquera la réouverture officielle.",2024-08-18 16:00:00,"{Culture,Musique,Genève}"
"La Suisse ratifie l'accord de Paris sur le climat","Le parlement approuve le traité à une large majorité","Les Chambres fédérales valident l'accord international sur le climat. La Suisse s'engage à réduire ses émissions de 50% d'ici 2030.",2024-08-17 15:00:00,"{Actualités,Environnement,Politique}"
"Dominic Stricker remporte son premier tournoi ATP","Le Bernois s'impose à Winston-Salem","Le jeune tennisman suisse décroche son premier titre sur le circuit professionnel. Stricker bat un top 20 mondial en finale.",2024-08-17 22:00:00,"{Sport,Tennis,Berne}"
"Le Festival de cinéma italien de Locarno ouvre","78e édition sur la Piazza Grande","Le festival tessinois accueille les plus grands noms du cinéma italien et mondial. La rétrospective Fellini sera l'un des temps forts de cette édition.",2024-08-17 21:00:00,"{Culture,Cinéma,Tessin}"
"Référendum sur la loi sur l'électricité aboutit","Les opposants ont récolté 100'000 signatures","Un comité écologiste a rassemblé les paraphes nécessaires pour combattre la nouvelle loi sur l'approvisionnement électrique. Le peuple devra trancher.",2024-08-16 17:00:00,"{Actualités,Énergie,Votations}"
"Roman Josi capitaine du All-Star Game NHL","Le Bernois honoré par la ligue nord-américaine","Le défenseur suisse des Nashville Predators est nommé capitaine d'une des deux équipes du match des étoiles. Une reconnaissance exceptionnelle pour Josi.",2024-08-16 20:00:00,"{Sport,Hockey,Berne}"
"Le Musée romain de Nyon présente 'Gladiateurs'","Exposition immersive sur les combattants antiques","Le musée vaudois propose une plongée dans l'univers des gladiateurs avec reconstitutions et objets archéologiques. Une expérience VR permet de vivre un combat dans l'arène.",2024-08-16 14:00:00,"{Culture,Histoire,Nyon}"
"Le FC Zürich sacré champion de Suisse","Les Zurichois remportent leur 13e titre national","Le FC Zürich décroche le titre de champion de Suisse après une saison dominée de bout en bout. L'équipe de Franco Foda termine avec 10 points d'avance sur Young Boys.",2024-08-15 22:00:00,"{Sport,Football,Zürich}"
"Concert exceptionnel de Cecilia Bartoli à Verbier","La mezzo-soprano italienne enchante le public valaisan","Cecilia Bartoli offre une prestation magistrale au Verbier Festival devant 1500 spectateurs conquis. Son interprétation de Rossini a été saluée par une standing ovation.",2024-08-15 23:00:00,"{Culture,Opéra,Valais}"
"Le Conseil fédéral adopte un plan de relance économique","20 milliards de francs pour soutenir l'économie suisse","Face au ralentissement économique, le gouvernement suisse débloque une enveloppe massive pour soutenir les PME et les emplois. Les mesures entreront en vigueur dès janvier.",2024-08-15 13:00:00,"{Actualités,Économie,Politique}"
"Wendy Holdener remporte le slalom de Levi","La Schwyzoise s'impose en Finlande","Wendy Holdener décroche sa 8e victoire en Coupe du monde de slalom. La Suissesse devance l'Autrichienne Katharina Liensberger et la Slovaque Petra Vlhova.",2024-08-14 18:00:00,"{Sport,Ski alpin,Schwyz}"
"Le Musée d'art de Pully présente l'Art Nouveau","Exposition consacrée au mouvement artistique de 1900","Le musée vaudois explore l'Art Nouveau à travers 150 objets et œuvres d'art. Bijoux, affiches, meubles et verreries illustrent ce mouvement qui a marqué l'Europe.",2024-08-14 15:00:00,"{Culture,Arts,Vaud}"
"Votation sur la réforme de l'AVS","Les Suisses acceptent le relèvement de l'âge de la retraite","À 52%, le peuple suisse approuve le relèvement progressif de l'âge de la retraite à 66 ans. Cette réforme vise à assurer le financement des retraites jusqu'en 2050.",2024-08-13 19:00:00,"{Actualités,Prévoyance,Votations}"
"Yann Sommer héros du Bayern Munich","Le Suisse arrête deux penalties en finale","Le gardien bâlois permet au Bayern de remporter la Coupe d'Allemagne en repoussant deux tirs au but décisifs. Sommer confirme son statut de meilleur portier de Bundesliga.",2024-08-13 22:30:00,"{Sport,Football,Bâle}"
"Le Château de Tourbillon restauré","Réouverture du monument historique valaisan","Après cinq ans de travaux de restauration, le château médiéval de Tourbillon rouvre ses portes au public. Les visiteurs peuvent découvrir les salles rénovées et profiter d'une vue panoramique sur Sion.",2024-08-13 14:00:00,"{Culture,Patrimoine,Valais}"
"Tempête de grêle dévastatrice dans le canton de Vaud","Les vignobles de Lavaux sévèrement touchés","Une violente tempête de grêle a détruit une partie importante des récoltes dans les vignobles vaudois. Les dégâts sont estimés à plusieurs millions de francs.",2024-08-12 19:00:00,"{Actualités,Météo,Vaud}"
"Giulia Steingruber en bronze aux championnats d'Europe","La gymnaste suisse sur le podium au sol","La Saint-Galloise décroche la médaille de bronze à l'exercice au sol lors des championnats d'Europe de gymnastique. Une performance remarquable après sa blessure de l'an dernier.",2024-08-12 21:00:00,"{Sport,Gymnastique,Saint-Gall}"
"Le Festival du film vert de Genève débute","Cinéma et écologie au cœur de la programmation","Le festival genevois projette 50 films documentaires sur les enjeux environnementaux. Des débats avec des scientifiques et activistes complètent la programmation.",2024-08-12 18:00:00,"{Culture,Cinéma,Genève}"
"Nouvelles mesures contre la criminalité organisée","Le Conseil fédéral renforce l'arsenal juridique","Le gouvernement suisse adopte un train de mesures pour lutter contre le crime organisé. La confiscation élargie des avoirs criminels est au centre du dispositif.",2024-08-11 16:00:00,"{Actualités,Sécurité,Justice}"
"Steve Guerdat remporte le Global Champions Tour","Le cavalier jurassien s'impose à Doha","Le champion olympique suisse domine la finale du prestigieux circuit international de saut d'obstacles. Guerdat empoche un prize money de 500'000 dollars.",2024-08-11 20:00:00,"{Sport,Équitation,Jura}"
"Le Musée Suisse de la Machine à Coudre à Fribourg","Nouvelle attraction touristique dans la Vieille Ville","Un musée insolite ouvre ses portes à Fribourg avec une collection de 300 machines à coudre anciennes. L'exposition retrace l'histoire de cette invention qui a révolutionné l'industrie textile.",2024-08-11 14:00:00,"{Culture,Musées,Fribourg}"
"La Suisse renforce ses liens avec l'Union Européenne","Accord-cadre signé à Bruxelles","Après des années de négociations, la Suisse et l'UE signent un accord-cadre actualisant leurs relations bilatérales. Le texte doit encore être soumis au peuple suisse.",2024-08-10 17:00:00,"{Actualités,Politique,International}"
"Dan Ndoye buteur avec Bologne en Serie A","Le Valaisan s'illustre en Italie","L'attaquant suisse inscrit son premier but de la saison avec Bologne face à l'AC Milan. Ndoye confirme son excellente adaptation au championnat italien.",2024-08-10 22:00:00,"{Sport,Football,Valais}"
"Le Musée de la nature du Valais s'agrandit","Nouveaux espaces dédiés à la faune alpine","Le musée sierrois inaugure une extension consacrée à la biodiversité des Alpes valaisannes. Des dioramas grandeur nature présentent les animaux dans leur habitat naturel.",2024-08-10 15:00:00,"{Culture,Nature,Valais}"
"Référendum contre la réforme de la santé lancé","Les syndicats récoltent des signatures","Un comité référendaire s'oppose à la réforme du système de santé adoptée par le parlement. Les opposants dénoncent une privatisation rampante des soins.",2024-08-09 16:00:00,"{Actualités,Santé,Votations}"
"Loïc Meillard sur le podium du géant de Val d'Isère","Le Neuchâtelois 3e de la course française","Le skieur suisse monte sur le podium du géant de Val d'Isère en prenant la 3e place. Meillard consolide sa position au classement général de la Coupe du monde.",2024-08-09 14:00:00,"{Sport,Ski alpin,Neuchâtel}"
"Le Centre Paul Klee de Berne fête ses 20 ans","Exposition anniversaire du musée conçu par Renzo Piano","Le centre bernois consacré à Paul Klee célèbre deux décennies d'existence avec une exposition rétrospective. Le musée a accueilli plus de 3 millions de visiteurs depuis son ouverture.",2024-08-09 11:00:00,"{Culture,Arts,Berne}"
"La Suisse accueille le Forum économique de Davos","3000 participants attendus dans les Grisons","La station grisonne se prépare à accueillir les dirigeants politiques et économiques du monde entier. La sécurité sera renforcée durant toute la semaine du forum.",2024-08-08 13:00:00,"{Actualités,Économie,Grisons}"
"Marco Odermatt remporte l'or olympique en géant","Le Nidwaldien sacré champion olympique","Marco Odermatt décroche la médaille d'or en slalom géant aux Jeux Olympiques. Le Suisse domine la course de bout en bout devant ses concurrents autrichiens et français.",2024-08-08 09:00:00,"{Sport,Ski alpin,Nidwald}"
"Le Festival du livre de Genève affiche complet","200'000 visiteurs attendus au Palexpo","La 15e édition du Festival du livre ouvre ses portes avec 350 auteurs invités. Les rencontres avec les écrivains romands seront particulièrement suivies.",2024-08-07 17:00:00,"{Culture,Littérature,Genève}"
"Nico Hischier capitaine des Devils à 25 ans","Le Valaisan honore le hockey suisse en NHL","Le centre des New Jersey Devils est nommé capitaine de son équipe, devenant l'un des plus jeunes capitaines de la NHL. Une reconnaissance méritée pour le talent valaisan.",2024-08-07 21:00:00,"{Sport,Hockey,Valais}"